Id,TagName,Count
"2","machine-learning","6296"
"46","python","3537"
"81","neural-network","2685"
"194","deep-learning","2511"
"77","classification","1729"
"324","keras","1537"
"128","scikit-learn","1195"
"321","tensorflow","1101"
"24","r","1048"
"47","nlp","1034"
"72","time-series","915"
"5","data-mining","881"
"61","dataset","816"
"15","clustering","784"
"157","regression","777"
"168","predictive-modeling","733"
"557","cnn","698"
"64","pandas","665"
"527","lstm","629"
"27","statistics","572"
"54","feature-selection","484"
"90","text-mining","452"
"255","data","429"
"113","random-forest","426"
"220","linear-regression","410"
"26","data-cleaning","408"
"224","image-classification","406"
"223","convnet","399"
"3","bigdata","398"
"74","visualization","398"
"249","decision-trees","397"
"76","svm","369"
"374","rnn","369"
"340","reinforcement-learning","363"
"114","logistic-regression","361"
"317","xgboost","327"
"619","machine-learning-model","296"
"332","feature-engineering","290"
"383","training","290"
"124","cross-validation","290"
"19","algorithms","289"
"367","recommender-system","287"
"207","computer-vision","275"
"239","multiclass-classification","262"
"80","optimization","259"
"136","feature-extraction","257"
"407","prediction","244"
"17","k-means","242"
"348","word2vec","234"
"271","preprocessing","234"
"304","unsupervised-learning","233"
"135","gradient-descent","231"
"276","loss-function","227"
"266","word-embeddings","225"
"618","data-science-model","223"
"282","supervised-learning","218"
"102","categorical-data","207"
"219","apache-spark","198"
"476","pytorch","194"
"482","convolution","189"
"184","anomaly-detection","185"
"42","similarity","185"
"144","correlation","184"
"361","image-recognition","179"
"358","orange","179"
"307","autoencoder","177"
"310","backpropagation","177"
"372","pca","177"
"562","numpy","172"
"305","probability","169"
"272","multilabel-classification","168"
"45","dimensionality-reduction","167"
"101","accuracy","165"
"603","natural-language-process","150"
"521","dataframe","138"
"115","evaluation","137"
"162","unbalanced-classes","137"
"279","normalization","136"
"216","matlab","135"
"487","gan","133"
"601","recurrent-neural-net","133"
"607","object-detection","132"
"331","model-selection","130"
"123","graphs","126"
"402","overfitting","123"
"120","beginner","121"
"200","feature-scaling","116"
"528","forecasting","116"
"360","naive-bayes-classifier","113"
"303","outlier","112"
"398","sentiment-analysis","112"
"520","class-imbalance","109"
"23","apache-hadoop","108"
"12","performance","104"
"345","nltk","101"
"126","sampling","97"
"580","matplotlib","97"
"287","missing-data","95"
"290","distance","95"
"368","regularization","95"
"195","ensemble-modeling","93"
"185","forecast","92"
"35","information-retrieval","92"
"236","hyperparameter","91"
"396","pyspark","91"
"341","q-learning","91"
"335","text","85"
"393","gpu","85"
"628","data-analysis","84"
"50","topic-model","83"
"586","hyperparameter-tuning","81"
"410","encoding","80"
"480","plotting","79"
"588","transfer-learning","79"
"627","metric","78"
"442","distribution","77"
"397","jupyter","75"
"612","k-nn","75"
"71","social-network-analysis","74"
"51","lda","73"
"6","databases","73"
"251","named-entity-recognition","72"
"564","activation-function","72"
"329","gensim","70"
"129","kaggle","70"
"108","sql","67"
"416","bayesian","67"
"539","generative-models","67"
"100","confusion-matrix","63"
"273","reference-request","62"
"186","sequence","61"
"159","csv","59"
"213","ranking","59"
"376","labels","59"
"631","boosting","59"
"179","java","58"
"78","binary","57"
"364","audio-recognition","57"
"233","terminology","56"
"491","embeddings","56"
"511","perceptron","56"
"21","tools","54"
"450","cost-function","53"
"328","data-imputation","53"
"569","dqn","53"
"559","seaborn","52"
"709","image-preprocessing","52"
"281","feature-construction","52"
"465","variance","50"
"363","association-rules","50"
"530","mnist","49"
"621","mlp","48"
"313","weka","48"
"215","markov-process","48"
"139","career","48"
"164","gbm","47"
"205","object-recognition","47"
"382","dropout","47"
"532","tfidf","47"
"602","sequence-to-sequence","47"
"412","gaussian","46"
"322","excel","45"
"311","theano","45"
"298","ipython","44"
"591","kernel","44"
"585","grid-search","44"
"610","faster-rcnn","44"
"327","machine-translation","43"
"481","matrix-factorisation","43"
"596","scipy","42"
"388","geospatial","41"
"291","cosine-distance","41"
"160","online-learning","41"
"158","scala","40"
"452","data-augmentation","40"
"377","tsne","39"
"283","descriptive-statistics","39"
"87","aws","39"
"600","math","39"
"504","similar-documents","39"
"502","linear-algebra","38"
"677","opencv","38"
"37","search","38"
"48","language-model","38"
"323","semi-supervised-learning","38"
"389","sequential-pattern-mining","38"
"370","dbscan","37"
"457","inception","37"
"356","bayesian-networks","37"
"280","weighted-data","37"
"656","policy-gradients","37"
"519","smote","37"
"522","classifier","37"
"537","batch-normalization","36"
"730","bert","36"
"380","stanford-nlp","36"
"29","distributed","36"
"86","clusters","36"
"227","rstudio","36"
"229","programming","34"
"218","finance","34"
"325","azure-ml","34"
"575","yolo","34"
"499","ocr","33"
"319","data-wrangling","33"
"315","scraping","33"
"250","self-study","33"
"109","research","32"
"65","parallel","32"
"354","parameter-estimation","32"
"299","anaconda","32"
"670","deep-network","32"
"598","bias","31"
"365","rbm","31"
"39","education","31"
"243","genetic-algorithms","31"
"212","scoring","29"
"146","error-handling","29"
"269","software-recommendation","29"
"104","data-formats","28"
"686","features","28"
"728","transformer","28"
"645","gridsearchcv","27"
"1","definitions","27"
"344","ab-test","27"
"359","churn","26"
"438","theory","26"
"445","information-theory","26"
"10","scalability","26"
"11","efficiency","26"
"36","google","26"
"240","books","26"
"720","image","26"
"673","matrix","25"
"570","mini-batch-gradient-descent","25"
"55","map-reduce","25"
"84","parameter","25"
"443","text-generation","25"
"437","methodology","24"
"351","convergence","24"
"284","aggregation","24"
"614","ai","24"
"572","noise","23"
"312","fuzzy-logic","23"
"67","parsing","23"
"73","javascript","23"
"237","survival-analysis","23"
"193","tableau","23"
"167","marketing","23"
"427","graphical-model","22"
"362","market-basket-analysis","22"
"690","attention-mechanism","22"
"568","openai-gym","21"
"599","markov-hidden-model","21"
"458","caffe","21"
"337","json","21"
"409","score","20"
"110","experiments","20"
"217","simulation","20"
"105","hierarchical-data-format","20"
"682","orange3","20"
"611","ensemble-learning","20"
"664","pipelines","20"
"13","nosql","19"
"466","regex","19"
"278","ggplot2","19"
"707","imbalanced-learn","18"
"606","vgg16","17"
"757","softmax","17"
"254","bioinformatics","17"
"261","multitask-learning","17"
"301","numerical","17"
"293","learning","17"
"444","estimators","17"
"40","open-source","16"
"95","knowledge-base","16"
"201","apache-mahout","16"
"235","sas","16"
"156","glm","16"
"747","probability-calibration","16"
"584","actor-critic","16"
"524","vector-space-models","16"
"512","automatic-summarization","16"
"630","generalization","16"
"613","hardware","16"
"474","monte-carlo","15"
"533","learning-rate","15"
"552","ngrams","15"
"555","ensemble","15"
"593","reshape","15"
"769","lightgbm","15"
"16","octave","15"
"22","processing","15"
"403","powerbi","15"
"289","expectation-maximization","15"
"366","interpolation","14"
"373","randomized-algorithms","14"
"226","software-development","14"
"779","spacy","14"
"550","game","14"
"505","representation","14"
"617","colab","14"
"637","weight-initialization","14"
"641","epochs","14"
"633","predictor-importance","13"
"652","probabilistic-programming","13"
"513","nvidia","13"
"534","twitter","13"
"731","dummy-variables","13"
"415","mutual-information","13"
"400","torch","12"
"455","data.table","12"
"471","search-engine","12"
"211","methods","12"
"175","library","12"
"8","libsvm","12"
"43","data-stream-mining","12"
"56","mongodb","12"
"59","indexing","12"
"741","vae","12"
"565","cloud-computing","12"
"577","speech-to-text","12"
"660","stacked-lstm","12"
"623","annotation","12"
"696","neural","12"
"675","evolutionary-algorithms","11"
"582","learning-to-rank","11"
"566","homework","11"
"556","pac-learning","11"
"486","data-leakage","11"
"738","mathematics","11"
"116","crawling","11"
"238","discriminant-analysis","11"
"484","tokenization","11"
"288","markov","11"
"286","c","11"
"470","vc-theory","10"
"434","domain-adaptation","10"
"386","amazon-ml","10"
"202","hive","10"
"66","metadata","10"
"31","neo4j","10"
"514","alex-net","10"
"713","chatbot","10"
"632","objective-function","10"
"640","dplyr","10"
"560","historgram","9"
"581","tflearn","9"
"594","project-planning","9"
"605","svr","9"
"232","notation","9"
"422","etl","9"
"485","linux","9"
"483","active-learning","8"
"395","jaccard-coefficient","8"
"274","julia","8"
"583","anomaly","8"
"571","neural-style-transfer","8"
"554","meta-learning","8"
"535","cloud","8"
"754","gaussian-process","8"
"756","explainable-ai","7"
"725","sagemaker","7"
"732","pip","7"
"789","pickle","7"
"791","arima","7"
"587","bayes-error","7"
"667","nlg","7"
"669","heatmap","7"
"723","difference","7"
"719","ridge-regression","7"
"671","collinearity","7"
"699","ml","7"
"700","implementation","7"
"342","google-prediction-api","7"
"320","data-product","7"
"464","management","7"
"147","apache-pig","7"
"138","state-of-the-art","6"
"197","infographics","6"
"14","relational-dbms","6"
"62",".net","6"
"119","anonymization","6"
"83","consumerweb","6"
"478","dirichlet","6"
"378","manifold","6"
"333","hinge-loss","6"
"352","pgm","6"
"680","activity-recognition","6"
"704","image-size","6"
"711","deepmind","6"
"624","normal-equation","6"
"567","keras-rl","6"
"561","counts","6"
"510","lda-classifier","6"
"608","automation","5"
"646","sensors","5"
"651","mcmc","5"
"634","momentum","5"
"693","rbf","5"
"724","3d-reconstruction","5"
"663","fastai","5"
"678","feature-reduction","5"
"739","finetuning","5"
"743","web-scrapping","5"
"764","mse","5"
"767","lasso","5"
"755","inceptionresnetv2","5"
"468","privacy","5"
"459","redshift","5"
"461","text-filter","5"
"82","usecase","5"
"60","data-indexing-techniques","5"
"244","featurization","5"
"214","sports","5"
"222","version-control","5"
"180","energy","4"
"143","genetic","4"
"401","competitions","4"
"411","spss","4"
"334","stata","4"
"302","history","4"
"759","coursera","4"
"745","structured-data","4"
"701","code","4"
"708","smotenc","4"
"662","ndcg","4"
"629","self-driving","4"
"558","tranformation","4"
"538","word","4"
"488","rattle","3"
"644","cs231n","3"
"712","wolfram-language","3"
"721","discounted-reward","3"
"717","h2o","3"
"718","dynamic-programming","3"
"737","density-estimation","3"
"735","serialisation","3"
"770","pooling","3"
"346","apache-kafka","3"
"347","pybrain","3"
"330","lsi","3"
"473","community","3"
"467","noisification","3"
"206","hog","3"
"94","freebase","3"
"191","hbase","2"
"439","reductions","2"
"774","feature-map","2"
"775","movielens","2"
"790","multi-instance-learning","2"
"783","tesseract","2"
"802","doc2vec","2"
"736","lbp","2"
"729","gmm","2"
"734","aws-lambda","2"
"746","fuzzy-classification","2"
"758","open-set","2"
"763","manhattan","2"
"752","categories","2"
"715","dialog-flow","2"
"716","finite-precision","2"
"687","genetic-programming","2"
"674","spatial-transformer","2"
"609","glorot-initialization","2"
"576","ibm-watson","2"
"753","suggestions","1"
"748","cost-matrix","1"
"749","rebalancing","1"
"750","amazon-emr","1"
"751","apache-nifi","1"
"761","hyperplane","1"
"762","elbo","1"
"744","mean-shift","1"
"740","healthcare","1"
"803","data-transfer","1"
"804","paperspace","1"
"805","impala","1"
"806","networkx","1"
"807","pathfinder","1"
"808","time","1"
"809","siamese","1"
"786","pytorch-geometric","1"
"788","stemming","1"
"780","allennlp","1"
"782","xboost","1"
"776","knime","1"
"777","label-smoothing","1"
"778","label-flipping","1"
"771","leakyrelu","1"
"772","one-shot-learning","1"
"773","latent-space","1"
"792","rdkit","1"
"793","activation","1"
"794","nn","1"
"795","causalimpact","1"
"796","counter-inference","1"
"797","refit-model","1"
"798","unseen-data","1"
"799","automl","1"
"800","cause-effect-relations","1"
"801","question-answering","1"